epoch,time,train/box_loss,train/cls_loss,train/l1_loss,metrics/precision(B),metrics/recall(B),metrics/mAP50(B),metrics/mAP50-95(B),val/box_loss,val/cls_loss,val/l1_loss,lr/pg0,lr/pg1,lr/pg2,lr/pg3,lr/pg4,lr/pg5,lr/pg6,lr/pg7
1,357.563,4.2322,21.3319,0.01345,0,0,0,0,4.1888,17.9656,0.01041,0.00997992,0.00332664,0.00997992,0.00332664,0.00997992,0.00332664,0.00997992,0.00332664
2,704.126,3.39773,9.57958,0.00635,0.37892,0.03247,0.01572,0.00606,2.71144,6.47438,0.00375,0.019881,0.00662701,0.019881,0.00662701,0.019881,0.00662701,0.019881,0.00662701
3,1040.62,2.62185,4.48155,0.00356,0.40864,0.11993,0.07491,0.03442,2.27708,3.39811,0.00282,0.0296831,0.00989437,0.0296831,0.00989437,0.0296831,0.00989437,0.0296831,0.00989437
4,1376.44,2.30015,3.02989,0.00296,0.51769,0.18648,0.1232,0.06598,1.94377,2.55416,0.00232,0.0295545,0.0098515,0.0295545,0.0098515,0.0295545,0.0098515,0.0295545,0.0098515
5,1710.84,2.15011,2.57614,0.00255,0.42225,0.212,0.15453,0.0863,1.81176,2.22966,0.00209,0.029406,0.009802,0.029406,0.009802,0.029406,0.009802,0.029406,0.009802
6,2048.18,2.01419,2.35862,0.00233,0.38436,0.29133,0.18692,0.10596,1.74894,2.04911,0.00197,0.0292575,0.0097525,0.0292575,0.0097525,0.0292575,0.0097525,0.0292575,0.0097525
7,2387.91,1.91442,2.206,0.00219,0.3909,0.31584,0.21313,0.12508,1.66781,1.96923,0.00183,0.029109,0.009703,0.029109,0.009703,0.029109,0.009703,0.029109,0.009703
8,2725.22,1.85765,2.11594,0.00207,0.40091,0.31049,0.21708,0.12791,1.58931,1.9078,0.00174,0.0289605,0.0096535,0.0289605,0.0096535,0.0289605,0.0096535,0.0289605,0.0096535
9,3066.08,1.78926,2.0217,0.00201,0.38491,0.33805,0.232,0.14147,1.5525,1.81177,0.00168,0.028812,0.009604,0.028812,0.009604,0.028812,0.009604,0.028812,0.009604
10,3402.04,1.75518,1.95874,0.0019,0.37212,0.34687,0.25695,0.15583,1.54558,1.73661,0.00169,0.0286635,0.0095545,0.0286635,0.0095545,0.0286635,0.0095545,0.0286635,0.0095545
11,3747.18,1.74223,1.9369,0.00187,0.41436,0.35624,0.26005,0.16494,1.51245,1.71525,0.00162,0.028515,0.009505,0.028515,0.009505,0.028515,0.009505,0.028515,0.009505
12,4092.37,1.7094,1.8964,0.00184,0.46946,0.33411,0.26878,0.17066,1.47168,1.66811,0.00158,0.0283665,0.0094555,0.0283665,0.0094555,0.0283665,0.0094555,0.0283665,0.0094555
13,4434.02,1.67836,1.83744,0.00178,0.4073,0.36454,0.28983,0.18422,1.46327,1.64728,0.00158,0.028218,0.009406,0.028218,0.009406,0.028218,0.009406,0.028218,0.009406
14,4771.03,1.65998,1.80886,0.00176,0.42276,0.38886,0.2979,0.19472,1.42882,1.58038,0.00151,0.0280695,0.0093565,0.0280695,0.0093565,0.0280695,0.0093565,0.0280695,0.0093565
15,5106.63,1.63421,1.79987,0.00175,0.4106,0.43026,0.31547,0.20344,1.43644,1.56095,0.00151,0.027921,0.009307,0.027921,0.009307,0.027921,0.009307,0.027921,0.009307
16,5445.06,1.63077,1.7612,0.0017,0.40251,0.40624,0.30084,0.19498,1.40705,1.54698,0.00148,0.0277725,0.0092575,0.0277725,0.0092575,0.0277725,0.0092575,0.0277725,0.0092575
17,5782.13,1.62088,1.75214,0.00172,0.46421,0.39492,0.31021,0.20233,1.40747,1.53602,0.00146,0.027624,0.009208,0.027624,0.009208,0.027624,0.009208,0.027624,0.009208
18,6121.21,1.59607,1.72068,0.00167,0.51636,0.36814,0.33312,0.21938,1.38903,1.50458,0.00146,0.0274755,0.0091585,0.0274755,0.0091585,0.0274755,0.0091585,0.0274755,0.0091585
19,6457.21,1.58513,1.70202,0.00163,0.39376,0.45523,0.34224,0.22858,1.36606,1.47635,0.00141,0.027327,0.009109,0.027327,0.009109,0.027327,0.009109,0.027327,0.009109
20,6797.82,1.57554,1.66354,0.00162,0.36815,0.42958,0.34528,0.23362,1.34438,1.47394,0.00138,0.0271785,0.0090595,0.0271785,0.0090595,0.0271785,0.0090595,0.0271785,0.0090595
21,7132.91,1.57249,1.66509,0.00161,0.42677,0.44922,0.3572,0.24042,1.34767,1.44526,0.00139,0.02703,0.00901,0.02703,0.00901,0.02703,0.00901,0.02703,0.00901
22,7474.09,1.56407,1.64696,0.0016,0.42446,0.43349,0.36636,0.24489,1.36227,1.40398,0.0014,0.0268815,0.0089605,0.0268815,0.0089605,0.0268815,0.0089605,0.0268815,0.0089605
23,7821.16,1.53579,1.6376,0.00159,0.37776,0.45951,0.38102,0.25891,1.34493,1.38945,0.00139,0.026733,0.008911,0.026733,0.008911,0.026733,0.008911,0.026733,0.008911
24,8165.73,1.54493,1.6104,0.00156,0.38514,0.43706,0.37842,0.25675,1.31952,1.38627,0.00136,0.0265845,0.0088615,0.0265845,0.0088615,0.0265845,0.0088615,0.0265845,0.0088615
25,8503.39,1.53746,1.61654,0.00157,0.40348,0.45147,0.39427,0.26746,1.32393,1.38553,0.00137,0.026436,0.008812,0.026436,0.008812,0.026436,0.008812,0.026436,0.008812
26,8841.06,1.52793,1.59667,0.00156,0.40531,0.46275,0.39362,0.27117,1.31158,1.36661,0.00132,0.0262875,0.0087625,0.0262875,0.0087625,0.0262875,0.0087625,0.0262875,0.0087625
27,9241.39,1.51575,1.56038,0.00155,0.35151,0.47953,0.40105,0.27557,1.30474,1.34911,0.00132,0.026139,0.008713,0.026139,0.008713,0.026139,0.008713,0.026139,0.008713
28,9664.77,1.50741,1.55207,0.00152,0.49721,0.42716,0.40408,0.27609,1.30437,1.3408,0.00134,0.0259905,0.0086635,0.0259905,0.0086635,0.0259905,0.0086635,0.0259905,0.0086635
29,10091.2,1.51464,1.54569,0.00155,0.41982,0.45896,0.40781,0.27792,1.30072,1.31138,0.00132,0.025842,0.008614,0.025842,0.008614,0.025842,0.008614,0.025842,0.008614
30,10516.9,1.49811,1.52457,0.00151,0.51094,0.42595,0.41898,0.28758,1.27895,1.30559,0.00129,0.0256935,0.0085645,0.0256935,0.0085645,0.0256935,0.0085645,0.0256935,0.0085645
31,10907.5,1.51197,1.5411,0.00152,0.43942,0.48028,0.44027,0.3045,1.28127,1.2863,0.00129,0.025545,0.008515,0.025545,0.008515,0.025545,0.008515,0.025545,0.008515
32,11247.7,1.49849,1.50382,0.00152,0.45856,0.47101,0.43501,0.29872,1.28965,1.28587,0.00131,0.0253965,0.0084655,0.0253965,0.0084655,0.0253965,0.0084655,0.0253965,0.0084655
33,11590.9,1.48701,1.50379,0.0015,0.39791,0.493,0.44579,0.30887,1.26354,1.25502,0.00127,0.025248,0.008416,0.025248,0.008416,0.025248,0.008416,0.025248,0.008416
34,11938,1.49118,1.49739,0.00147,0.43711,0.50734,0.44791,0.31177,1.25569,1.2592,0.00128,0.0250995,0.0083665,0.0250995,0.0083665,0.0250995,0.0083665,0.0250995,0.0083665
35,12276.4,1.4874,1.488,0.0015,0.41252,0.50646,0.45016,0.31365,1.26983,1.24698,0.00129,0.024951,0.008317,0.024951,0.008317,0.024951,0.008317,0.024951,0.008317
36,12614.6,1.48289,1.48323,0.00148,0.44367,0.4861,0.46791,0.3287,1.24612,1.2205,0.00126,0.0248025,0.0082675,0.0248025,0.0082675,0.0248025,0.0082675,0.0248025,0.0082675
37,12952,1.47301,1.45943,0.00148,0.43944,0.50312,0.46699,0.32506,1.24612,1.22648,0.00126,0.024654,0.008218,0.024654,0.008218,0.024654,0.008218,0.024654,0.008218
38,13291.8,1.47702,1.45808,0.00147,0.5008,0.47152,0.47032,0.32785,1.2462,1.22984,0.00125,0.0245055,0.0081685,0.0245055,0.0081685,0.0245055,0.0081685,0.0245055,0.0081685
39,13630.5,1.47284,1.44721,0.00147,0.44407,0.49152,0.47771,0.33638,1.23508,1.20455,0.00123,0.024357,0.008119,0.024357,0.008119,0.024357,0.008119,0.024357,0.008119
40,13968.7,1.45398,1.4291,0.00144,0.43673,0.5353,0.48637,0.34202,1.23171,1.19169,0.00122,0.0242085,0.0080695,0.0242085,0.0080695,0.0242085,0.0080695,0.0242085,0.0080695
41,14304,1.45521,1.43987,0.00145,0.45854,0.51515,0.49533,0.34412,1.22994,1.1968,0.00123,0.02406,0.00802,0.02406,0.00802,0.02406,0.00802,0.02406,0.00802
42,14642.4,1.4579,1.41933,0.00147,0.45069,0.55293,0.49172,0.3444,1.23377,1.17165,0.00123,0.0239115,0.0079705,0.0239115,0.0079705,0.0239115,0.0079705,0.0239115,0.0079705
43,14982.5,1.45256,1.39515,0.00145,0.46431,0.5299,0.50487,0.35283,1.22747,1.17236,0.00123,0.023763,0.007921,0.023763,0.007921,0.023763,0.007921,0.023763,0.007921
44,15324.5,1.47089,1.40957,0.00146,0.48837,0.51779,0.50652,0.35447,1.22877,1.16091,0.00123,0.0236145,0.0078715,0.0236145,0.0078715,0.0236145,0.0078715,0.0236145,0.0078715
45,15669.4,1.45392,1.39999,0.00142,0.5245,0.49051,0.50314,0.35607,1.21756,1.1645,0.00121,0.023466,0.007822,0.023466,0.007822,0.023466,0.007822,0.023466,0.007822
46,16011.1,1.44648,1.39441,0.00143,0.48861,0.54881,0.50902,0.36061,1.21323,1.16353,0.0012,0.0233175,0.0077725,0.0233175,0.0077725,0.0233175,0.0077725,0.0233175,0.0077725
47,16348.6,1.46335,1.38631,0.00144,0.48354,0.54778,0.52154,0.36869,1.22044,1.13454,0.00122,0.023169,0.007723,0.023169,0.007723,0.023169,0.007723,0.023169,0.007723
48,16685.6,1.44729,1.36908,0.00143,0.48246,0.54354,0.52525,0.3728,1.20766,1.13422,0.0012,0.0230205,0.0076735,0.0230205,0.0076735,0.0230205,0.0076735,0.0230205,0.0076735
49,17024.6,1.46173,1.38134,0.00143,0.5277,0.53557,0.52904,0.37562,1.2049,1.13018,0.0012,0.022872,0.007624,0.022872,0.007624,0.022872,0.007624,0.022872,0.007624
50,17363.6,1.44635,1.34263,0.00143,0.50574,0.5562,0.53218,0.37683,1.21862,1.12679,0.00121,0.0227235,0.0075745,0.0227235,0.0075745,0.0227235,0.0075745,0.0227235,0.0075745
51,17702.1,1.43884,1.3547,0.00142,0.45772,0.54658,0.52409,0.3727,1.20115,1.12439,0.00119,0.022575,0.007525,0.022575,0.007525,0.022575,0.007525,0.022575,0.007525
52,18040.5,1.43177,1.34807,0.00142,0.52044,0.51302,0.54221,0.38741,1.19758,1.08366,0.00119,0.0224265,0.0074755,0.0224265,0.0074755,0.0224265,0.0074755,0.0224265,0.0074755
53,18379.4,1.43912,1.33819,0.00143,0.4926,0.52931,0.54046,0.38819,1.19141,1.1021,0.00119,0.022278,0.007426,0.022278,0.007426,0.022278,0.007426,0.022278,0.007426
54,18727,1.44774,1.34786,0.00142,0.48136,0.56488,0.5561,0.39887,1.19006,1.08113,0.00118,0.0221295,0.0073765,0.0221295,0.0073765,0.0221295,0.0073765,0.0221295,0.0073765
55,19075.7,1.4234,1.31341,0.00139,0.50832,0.55629,0.54804,0.39101,1.19537,1.08189,0.00118,0.021981,0.007327,0.021981,0.007327,0.021981,0.007327,0.021981,0.007327
56,19418.2,1.44769,1.33059,0.00141,0.48459,0.56617,0.55174,0.39676,1.18802,1.07438,0.00118,0.0218325,0.0072775,0.0218325,0.0072775,0.0218325,0.0072775,0.0218325,0.0072775
57,19759.1,1.43594,1.30923,0.00142,0.51117,0.55522,0.55638,0.39912,1.18954,1.0716,0.00117,0.021684,0.007228,0.021684,0.007228,0.021684,0.007228,0.021684,0.007228
58,20095.9,1.42905,1.31036,0.0014,0.5095,0.56283,0.55479,0.39919,1.17304,1.07287,0.00117,0.0215355,0.0071785,0.0215355,0.0071785,0.0215355,0.0071785,0.0215355,0.0071785
59,20435.2,1.41421,1.29542,0.0014,0.5003,0.57716,0.56703,0.40674,1.17948,1.06056,0.00116,0.021387,0.007129,0.021387,0.007129,0.021387,0.007129,0.021387,0.007129
60,20776.7,1.43243,1.29546,0.00143,0.50349,0.54469,0.56812,0.40971,1.1778,1.05039,0.00116,0.0212385,0.0070795,0.0212385,0.0070795,0.0212385,0.0070795,0.0212385,0.0070795
61,21117.2,1.42258,1.26978,0.00139,0.5393,0.56592,0.56551,0.40993,1.18083,1.05364,0.00116,0.02109,0.00703,0.02109,0.00703,0.02109,0.00703,0.02109,0.00703
62,21455.4,1.41842,1.28205,0.00139,0.54555,0.55558,0.57388,0.41161,1.18106,1.04913,0.00117,0.0209415,0.0069805,0.0209415,0.0069805,0.0209415,0.0069805,0.0209415,0.0069805
63,21797.9,1.42691,1.27148,0.00142,0.55988,0.55012,0.57607,0.41365,1.17946,1.03272,0.00116,0.020793,0.006931,0.020793,0.006931,0.020793,0.006931,0.020793,0.006931
64,22137,1.42925,1.28158,0.00139,0.55635,0.56324,0.58477,0.42182,1.18011,1.01667,0.00116,0.0206445,0.0068815,0.0206445,0.0068815,0.0206445,0.0068815,0.0206445,0.0068815
65,22479.4,1.40886,1.24506,0.00139,0.56721,0.56135,0.59258,0.42871,1.1685,1.01005,0.00115,0.020496,0.006832,0.020496,0.006832,0.020496,0.006832,0.020496,0.006832
66,22825.3,1.40572,1.25852,0.00135,0.52248,0.57895,0.58089,0.42043,1.17239,1.01725,0.00116,0.0203475,0.0067825,0.0203475,0.0067825,0.0203475,0.0067825,0.0203475,0.0067825
67,23169.9,1.42079,1.25282,0.00139,0.58219,0.55807,0.58729,0.42453,1.16733,1.02768,0.00115,0.020199,0.006733,0.020199,0.006733,0.020199,0.006733,0.020199,0.006733
68,23513.4,1.41297,1.23349,0.00137,0.55168,0.55551,0.58435,0.42742,1.16612,1.02329,0.00115,0.0200505,0.0066835,0.0200505,0.0066835,0.0200505,0.0066835,0.0200505,0.0066835
69,23852.8,1.41799,1.25485,0.00137,0.5754,0.56287,0.59011,0.42993,1.16322,1.01811,0.00115,0.019902,0.006634,0.019902,0.006634,0.019902,0.006634,0.019902,0.006634
70,24189.9,1.4111,1.23482,0.00137,0.56055,0.56918,0.58896,0.42887,1.16024,1.02093,0.00114,0.0197535,0.0065845,0.0197535,0.0065845,0.0197535,0.0065845,0.0197535,0.0065845
71,24526.8,1.39383,1.21888,0.00137,0.5662,0.55475,0.594,0.43478,1.14999,1.01876,0.00113,0.019605,0.006535,0.019605,0.006535,0.019605,0.006535,0.019605,0.006535
72,24867.3,1.39731,1.21432,0.00137,0.56281,0.56943,0.59532,0.43373,1.15578,1.01355,0.00113,0.0194565,0.0064855,0.0194565,0.0064855,0.0194565,0.0064855,0.0194565,0.0064855
73,25293.2,1.39254,1.21759,0.00137,0.55495,0.56207,0.59801,0.43624,1.15651,1.00893,0.00113,0.019308,0.006436,0.019308,0.006436,0.019308,0.006436,0.019308,0.006436
74,25719.9,1.39714,1.19207,0.00136,0.58372,0.57534,0.61054,0.44527,1.15795,0.99114,0.00114,0.0191595,0.0063865,0.0191595,0.0063865,0.0191595,0.0063865,0.0191595,0.0063865
75,26148.3,1.39187,1.18585,0.00135,0.54146,0.61474,0.61214,0.44541,1.15673,0.98777,0.00114,0.019011,0.006337,0.019011,0.006337,0.019011,0.006337,0.019011,0.006337
76,26575.1,1.38662,1.19379,0.00136,0.52554,0.63419,0.61904,0.45023,1.15422,0.9758,0.00113,0.0188625,0.0062875,0.0188625,0.0062875,0.0188625,0.0062875,0.0188625,0.0062875
77,26934.4,1.39024,1.189,0.00137,0.58664,0.58052,0.61903,0.45096,1.14765,0.97932,0.00112,0.018714,0.006238,0.018714,0.006238,0.018714,0.006238,0.018714,0.006238
78,27277.2,1.39649,1.17151,0.00135,0.56966,0.60405,0.62153,0.45327,1.14406,0.97174,0.00112,0.0185655,0.0061885,0.0185655,0.0061885,0.0185655,0.0061885,0.0185655,0.0061885
79,27617.4,1.39862,1.18891,0.00133,0.58002,0.60395,0.61927,0.45449,1.14519,0.97693,0.00112,0.018417,0.006139,0.018417,0.006139,0.018417,0.006139,0.018417,0.006139
80,27956.4,1.40054,1.17441,0.00134,0.57581,0.60309,0.62415,0.45791,1.14077,0.97293,0.00112,0.0182685,0.0060895,0.0182685,0.0060895,0.0182685,0.0060895,0.0182685,0.0060895
81,28296.8,1.37737,1.15938,0.00134,0.57364,0.60706,0.62784,0.45765,1.14431,0.96946,0.00112,0.01812,0.00604,0.01812,0.00604,0.01812,0.00604,0.01812,0.00604
82,28637.1,1.38956,1.16352,0.00132,0.58627,0.61389,0.62905,0.46005,1.1387,0.96296,0.00112,0.0179715,0.0059905,0.0179715,0.0059905,0.0179715,0.0059905,0.0179715,0.0059905
83,28976.9,1.40596,1.15834,0.00134,0.5858,0.60887,0.63289,0.46461,1.13837,0.95908,0.00112,0.017823,0.005941,0.017823,0.005941,0.017823,0.005941,0.017823,0.005941
84,29316.8,1.3884,1.13963,0.00134,0.65738,0.55982,0.63262,0.46683,1.13697,0.94769,0.00112,0.0176745,0.0058915,0.0176745,0.0058915,0.0176745,0.0058915,0.0176745,0.0058915
85,29657.5,1.37941,1.14278,0.00133,0.62175,0.57467,0.63578,0.46638,1.13806,0.9489,0.00112,0.017526,0.005842,0.017526,0.005842,0.017526,0.005842,0.017526,0.005842
86,29998.8,1.37104,1.13044,0.00135,0.60049,0.59486,0.63711,0.46705,1.13976,0.94848,0.00112,0.0173775,0.0057925,0.0173775,0.0057925,0.0173775,0.0057925,0.0173775,0.0057925
87,30343.1,1.37865,1.12393,0.00132,0.63552,0.58409,0.64044,0.47117,1.13651,0.95324,0.00111,0.017229,0.005743,0.017229,0.005743,0.017229,0.005743,0.017229,0.005743
88,30687.1,1.37638,1.11545,0.00131,0.65363,0.57817,0.64409,0.47318,1.13793,0.94905,0.00111,0.0170805,0.0056935,0.0170805,0.0056935,0.0170805,0.0056935,0.0170805,0.0056935
89,31029.3,1.36644,1.11083,0.00133,0.62673,0.58404,0.64655,0.47485,1.13534,0.9458,0.00111,0.016932,0.005644,0.016932,0.005644,0.016932,0.005644,0.016932,0.005644
90,31371.4,1.35169,1.09675,0.00131,0.63239,0.59396,0.65036,0.4778,1.13067,0.94107,0.00111,0.0167835,0.0055945,0.0167835,0.0055945,0.0167835,0.0055945,0.0167835,0.0055945
91,31713.3,1.36702,1.09176,0.00131,0.65128,0.57775,0.65163,0.47882,1.13031,0.93376,0.00111,0.016635,0.005545,0.016635,0.005545,0.016635,0.005545,0.016635,0.005545
92,32057.3,1.3481,1.08069,0.00128,0.68562,0.5531,0.65306,0.47919,1.1332,0.92781,0.00111,0.0164865,0.0054955,0.0164865,0.0054955,0.0164865,0.0054955,0.0164865,0.0054955
93,32398.6,1.34833,1.0916,0.00131,0.60836,0.60913,0.65623,0.48291,1.13263,0.92679,0.00111,0.016338,0.005446,0.016338,0.005446,0.016338,0.005446,0.016338,0.005446
94,32738.9,1.35592,1.07766,0.0013,0.60945,0.60223,0.65622,0.48358,1.13229,0.92451,0.0011,0.0161895,0.0053965,0.0161895,0.0053965,0.0161895,0.0053965,0.0161895,0.0053965
95,33078.2,1.36853,1.08066,0.0013,0.59942,0.62277,0.65761,0.48448,1.13179,0.92035,0.0011,0.016041,0.005347,0.016041,0.005347,0.016041,0.005347,0.016041,0.005347
96,33427.3,1.32773,1.05657,0.0013,0.62553,0.61251,0.66097,0.48597,1.12972,0.92009,0.0011,0.0158925,0.0052975,0.0158925,0.0052975,0.0158925,0.0052975,0.0158925,0.0052975
97,33769.4,1.34484,1.05224,0.00128,0.63235,0.58976,0.66023,0.48484,1.12679,0.91965,0.0011,0.015744,0.005248,0.015744,0.005248,0.015744,0.005248,0.015744,0.005248
98,34114.2,1.3573,1.06674,0.00131,0.64054,0.59413,0.66273,0.48693,1.12423,0.91574,0.0011,0.0155955,0.0051985,0.0155955,0.0051985,0.0155955,0.0051985,0.0155955,0.0051985
99,34457.6,1.3519,1.05736,0.0013,0.65955,0.58493,0.66361,0.48759,1.12433,0.91593,0.0011,0.015447,0.005149,0.015447,0.005149,0.015447,0.005149,0.015447,0.005149
100,34800,1.35537,1.02753,0.0013,0.65889,0.57596,0.66183,0.4882,1.12555,0.91401,0.0011,0.0152985,0.0050995,0.0152985,0.0050995,0.0152985,0.0050995,0.0152985,0.0050995
101,35141.6,1.34777,1.03194,0.00128,0.65806,0.57911,0.66403,0.48904,1.12367,0.91202,0.0011,0.01515,0.00505,0.01515,0.00505,0.01515,0.00505,0.01515,0.00505
102,35484.6,1.33163,1.02664,0.00128,0.64315,0.59109,0.66872,0.49055,1.12504,0.90714,0.00109,0.0150015,0.0050005,0.0150015,0.0050005,0.0150015,0.0050005,0.0150015,0.0050005
103,35824.5,1.3439,1.0203,0.00127,0.65336,0.59085,0.67221,0.49466,1.12407,0.90182,0.00109,0.014853,0.004951,0.014853,0.004951,0.014853,0.004951,0.014853,0.004951
104,36163.5,1.33274,1.01927,0.00128,0.66955,0.5763,0.67521,0.4969,1.12304,0.90025,0.00109,0.0147045,0.0049015,0.0147045,0.0049015,0.0147045,0.0049015,0.0147045,0.0049015
105,36505.6,1.35021,1.01893,0.00127,0.67764,0.57566,0.67709,0.49754,1.12052,0.8994,0.00109,0.014556,0.004852,0.014556,0.004852,0.014556,0.004852,0.014556,0.004852
106,36844.9,1.33227,0.98756,0.00126,0.67707,0.57843,0.67823,0.49943,1.11768,0.89723,0.00109,0.0144075,0.0048025,0.0144075,0.0048025,0.0144075,0.0048025,0.0144075,0.0048025
107,37187,1.33573,1.00001,0.00127,0.66165,0.60257,0.68154,0.50245,1.11522,0.89595,0.00109,0.014259,0.004753,0.014259,0.004753,0.014259,0.004753,0.014259,0.004753
108,37528,1.32848,0.99415,0.00125,0.65341,0.60915,0.68198,0.50293,1.11905,0.89191,0.00109,0.0141105,0.0047035,0.0141105,0.0047035,0.0141105,0.0047035,0.0141105,0.0047035
109,37873,1.34535,0.99981,0.00128,0.68454,0.58392,0.68399,0.50439,1.11598,0.88865,0.00109,0.013962,0.004654,0.013962,0.004654,0.013962,0.004654,0.013962,0.004654
110,38214.8,1.32594,0.99566,0.00126,0.64085,0.61183,0.68406,0.50436,1.11593,0.8883,0.00109,0.0138135,0.0046045,0.0138135,0.0046045,0.0138135,0.0046045,0.0138135,0.0046045
111,38556.4,1.32571,0.98002,0.00126,0.65892,0.60628,0.68692,0.50643,1.11639,0.88601,0.00109,0.013665,0.004555,0.013665,0.004555,0.013665,0.004555,0.013665,0.004555
112,38898,1.32546,0.96322,0.00126,0.66304,0.60599,0.68621,0.50561,1.11463,0.88707,0.00109,0.0135165,0.0045055,0.0135165,0.0045055,0.0135165,0.0045055,0.0135165,0.0045055
113,39245.3,1.32657,0.97186,0.00124,0.67761,0.59608,0.68579,0.50575,1.11378,0.88496,0.00109,0.013368,0.004456,0.013368,0.004456,0.013368,0.004456,0.013368,0.004456
114,39585.5,1.31149,0.95292,0.00124,0.67236,0.6043,0.68737,0.5074,1.11321,0.88216,0.00109,0.0132195,0.0044065,0.0132195,0.0044065,0.0132195,0.0044065,0.0132195,0.0044065
115,39930.5,1.31069,0.95215,0.00123,0.6541,0.60894,0.68657,0.50679,1.11492,0.88233,0.00108,0.013071,0.004357,0.013071,0.004357,0.013071,0.004357,0.013071,0.004357
116,40267.5,1.31703,0.9501,0.00126,0.67028,0.60164,0.6877,0.50815,1.11414,0.88264,0.00108,0.0129225,0.0043075,0.0129225,0.0043075,0.0129225,0.0043075,0.0129225,0.0043075
117,40588.1,1.31174,0.93525,0.00123,0.65459,0.6131,0.68925,0.50977,1.11309,0.88273,0.00108,0.012774,0.004258,0.012774,0.004258,0.012774,0.004258,0.012774,0.004258
118,40947.2,1.3111,0.93405,0.00123,0.66091,0.61701,0.68977,0.51039,1.11382,0.88319,0.00108,0.0126255,0.0042085,0.0126255,0.0042085,0.0126255,0.0042085,0.0126255,0.0042085
119,41277.4,1.31479,0.93022,0.00125,0.66731,0.61548,0.69067,0.5116,1.11111,0.88285,0.00108,0.012477,0.004159,0.012477,0.004159,0.012477,0.004159,0.012477,0.004159
120,41607.7,1.29835,0.92483,0.00123,0.66078,0.6241,0.69208,0.5129,1.1107,0.88361,0.00108,0.0123285,0.0041095,0.0123285,0.0041095,0.0123285,0.0041095,0.0123285,0.0041095
121,41937.9,1.30283,0.92819,0.00122,0.6473,0.63547,0.69389,0.5142,1.10844,0.8823,0.00108,0.01218,0.00406,0.01218,0.00406,0.01218,0.00406,0.01218,0.00406
122,42263.8,1.29612,0.91404,0.00122,0.65591,0.63772,0.6948,0.51536,1.10857,0.87986,0.00108,0.0120315,0.0040105,0.0120315,0.0040105,0.0120315,0.0040105,0.0120315,0.0040105
123,42589.5,1.29319,0.90743,0.00122,0.65857,0.63536,0.6959,0.51638,1.10816,0.87866,0.00108,0.011883,0.003961,0.011883,0.003961,0.011883,0.003961,0.011883,0.003961
124,42923,1.29598,0.90116,0.00122,0.65448,0.63433,0.69687,0.51807,1.10628,0.87838,0.00108,0.0117345,0.0039115,0.0117345,0.0039115,0.0117345,0.0039115,0.0117345,0.0039115
125,43251.1,1.30672,0.90111,0.00123,0.6577,0.63365,0.69667,0.51803,1.10567,0.87741,0.00107,0.011586,0.003862,0.011586,0.003862,0.011586,0.003862,0.011586,0.003862
126,43575.6,1.27813,0.89191,0.0012,0.66105,0.63749,0.69707,0.51828,1.10496,0.87599,0.00107,0.0114375,0.0038125,0.0114375,0.0038125,0.0114375,0.0038125,0.0114375,0.0038125
127,43903.2,1.30833,0.89845,0.00123,0.66544,0.63487,0.69993,0.5203,1.10346,0.87643,0.00107,0.011289,0.003763,0.011289,0.003763,0.011289,0.003763,0.011289,0.003763
128,44229.9,1.28669,0.88347,0.00121,0.64895,0.64317,0.70084,0.52075,1.10281,0.8761,0.00107,0.0111405,0.0037135,0.0111405,0.0037135,0.0111405,0.0037135,0.0111405,0.0037135
129,44559.3,1.28937,0.89526,0.0012,0.6572,0.64196,0.69978,0.51991,1.10454,0.87565,0.00107,0.010992,0.003664,0.010992,0.003664,0.010992,0.003664,0.010992,0.003664
130,44890.1,1.27215,0.86905,0.0012,0.66004,0.63913,0.70072,0.52136,1.10378,0.87427,0.00107,0.0108435,0.0036145,0.0108435,0.0036145,0.0108435,0.0036145,0.0108435,0.0036145
131,45226.1,1.26727,0.8684,0.0012,0.65822,0.64341,0.70083,0.52107,1.10408,0.87408,0.00107,0.010695,0.003565,0.010695,0.003565,0.010695,0.003565,0.010695,0.003565
132,45558.9,1.27852,0.85948,0.00118,0.64811,0.64646,0.70046,0.52105,1.10414,0.87433,0.00107,0.0105465,0.0035155,0.0105465,0.0035155,0.0105465,0.0035155,0.0105465,0.0035155
133,45889.5,1.27806,0.85764,0.00119,0.66012,0.6414,0.70067,0.52062,1.10302,0.8739,0.00107,0.010398,0.003466,0.010398,0.003466,0.010398,0.003466,0.010398,0.003466
134,46226.3,1.26161,0.85516,0.0012,0.66,0.64334,0.70098,0.52053,1.10414,0.87279,0.00107,0.0102495,0.0034165,0.0102495,0.0034165,0.0102495,0.0034165,0.0102495,0.0034165
135,46552.8,1.25979,0.85692,0.00119,0.66032,0.64429,0.70189,0.52171,1.1021,0.87257,0.00107,0.010101,0.003367,0.010101,0.003367,0.010101,0.003367,0.010101,0.003367
136,46880,1.26646,0.83659,0.00119,0.65787,0.64729,0.7031,0.52248,1.10062,0.87107,0.00107,0.0099525,0.0033175,0.0099525,0.0033175,0.0099525,0.0033175,0.0099525,0.0033175
137,47205.1,1.26552,0.83581,0.00118,0.67001,0.64154,0.70388,0.523,1.10061,0.87058,0.00107,0.009804,0.003268,0.009804,0.003268,0.009804,0.003268,0.009804,0.003268
138,47528,1.26077,0.83664,0.00118,0.67405,0.64102,0.70371,0.52337,1.09963,0.86932,0.00107,0.0096555,0.0032185,0.0096555,0.0032185,0.0096555,0.0032185,0.0096555,0.0032185
139,47850.1,1.26077,0.83025,0.00119,0.66276,0.64584,0.70382,0.52389,1.09841,0.86948,0.00107,0.009507,0.003169,0.009507,0.003169,0.009507,0.003169,0.009507,0.003169
140,48171,1.26612,0.82726,0.00117,0.66968,0.64345,0.7052,0.52486,1.0986,0.86833,0.00107,0.0093585,0.0031195,0.0093585,0.0031195,0.0093585,0.0031195,0.0093585,0.0031195
141,48494.8,1.25652,0.83561,0.00118,0.66754,0.64839,0.70616,0.52613,1.09717,0.86797,0.00107,0.00921,0.00307,0.00921,0.00307,0.00921,0.00307,0.00921,0.00307
142,48816.7,1.2649,0.82586,0.00117,0.66523,0.65714,0.70665,0.52648,1.09611,0.86774,0.00106,0.0090615,0.0030205,0.0090615,0.0030205,0.0090615,0.0030205,0.0090615,0.0030205
143,49140.7,1.24787,0.81446,0.00116,0.66771,0.65307,0.70693,0.52684,1.09774,0.86503,0.00107,0.008913,0.002971,0.008913,0.002971,0.008913,0.002971,0.008913,0.002971
144,49464.3,1.26831,0.82458,0.00117,0.67393,0.65343,0.70784,0.52741,1.09785,0.86515,0.00106,0.0087645,0.0029215,0.0087645,0.0029215,0.0087645,0.0029215,0.0087645,0.0029215
145,49792.8,1.25896,0.80551,0.00116,0.68028,0.65293,0.70822,0.52779,1.09849,0.86521,0.00107,0.008616,0.002872,0.008616,0.002872,0.008616,0.002872,0.008616,0.002872
146,50124.5,1.2555,0.80468,0.00116,0.67448,0.65738,0.70861,0.5285,1.0985,0.86595,0.00107,0.0084675,0.0028225,0.0084675,0.0028225,0.0084675,0.0028225,0.0084675,0.0028225
147,50451.9,1.25635,0.80099,0.00116,0.67106,0.6646,0.70956,0.529,1.09727,0.86592,0.00106,0.008319,0.002773,0.008319,0.002773,0.008319,0.002773,0.008319,0.002773
148,50778.1,1.25161,0.8006,0.00117,0.66755,0.66744,0.70986,0.52898,1.09749,0.86575,0.00106,0.0081705,0.0027235,0.0081705,0.0027235,0.0081705,0.0027235,0.0081705,0.0027235
149,51103.3,1.24028,0.78443,0.00116,0.67121,0.66504,0.71064,0.53016,1.09718,0.86472,0.00106,0.008022,0.002674,0.008022,0.002674,0.008022,0.002674,0.008022,0.002674
150,51426,1.24064,0.78248,0.00114,0.67147,0.66613,0.71121,0.53033,1.09737,0.86371,0.00106,0.0078735,0.0026245,0.0078735,0.0026245,0.0078735,0.0026245,0.0078735,0.0026245
151,51750.2,1.23455,0.76418,0.00114,0.65971,0.67572,0.71188,0.53108,1.09875,0.86254,0.00106,0.007725,0.002575,0.007725,0.002575,0.007725,0.002575,0.007725,0.002575
152,52075.1,1.23346,0.76058,0.00115,0.6541,0.67735,0.71282,0.53113,1.09918,0.86294,0.00106,0.0075765,0.0025255,0.0075765,0.0025255,0.0075765,0.0025255,0.0075765,0.0025255
153,52400.6,1.23485,0.76723,0.00115,0.66349,0.67807,0.71277,0.53101,1.09924,0.86121,0.00106,0.007428,0.002476,0.007428,0.002476,0.007428,0.002476,0.007428,0.002476
154,52730.8,1.22984,0.77256,0.00114,0.66623,0.67817,0.71322,0.53129,1.09872,0.86088,0.00106,0.0072795,0.0024265,0.0072795,0.0024265,0.0072795,0.0024265,0.0072795,0.0024265
155,53062.4,1.23569,0.76015,0.00113,0.67035,0.67711,0.71478,0.5328,1.09837,0.86155,0.00106,0.007131,0.002377,0.007131,0.002377,0.007131,0.002377,0.007131,0.002377
156,53394.4,1.21242,0.75429,0.00114,0.67415,0.67436,0.7147,0.53257,1.09813,0.86036,0.00106,0.0069825,0.0023275,0.0069825,0.0023275,0.0069825,0.0023275,0.0069825,0.0023275
157,53726.1,1.22278,0.76279,0.00114,0.67776,0.67265,0.71552,0.53293,1.09822,0.85954,0.00106,0.006834,0.002278,0.006834,0.002278,0.006834,0.002278,0.006834,0.002278
158,54055,1.23138,0.75879,0.00114,0.68036,0.6699,0.71501,0.53221,1.09777,0.85897,0.00106,0.0066855,0.0022285,0.0066855,0.0022285,0.0066855,0.0022285,0.0066855,0.0022285
159,54382.4,1.21484,0.74336,0.00111,0.68129,0.66999,0.71569,0.53269,1.09801,0.85702,0.00106,0.006537,0.002179,0.006537,0.002179,0.006537,0.002179,0.006537,0.002179
160,54709.3,1.21202,0.74124,0.00113,0.68162,0.67605,0.71619,0.53272,1.09855,0.85682,0.00106,0.0063885,0.0021295,0.0063885,0.0021295,0.0063885,0.0021295,0.0063885,0.0021295
161,55035.7,1.20703,0.74241,0.00111,0.68185,0.67988,0.71669,0.53369,1.09803,0.85594,0.00106,0.00624,0.00208,0.00624,0.00208,0.00624,0.00208,0.00624,0.00208
162,55435.1,1.22032,0.73938,0.00111,0.68597,0.67174,0.71752,0.53406,1.09803,0.85501,0.00106,0.0060915,0.0020305,0.0060915,0.0020305,0.0060915,0.0020305,0.0060915,0.0020305
163,55759.8,1.20594,0.71999,0.00113,0.68606,0.67282,0.71851,0.5348,1.09843,0.85397,0.00106,0.005943,0.001981,0.005943,0.001981,0.005943,0.001981,0.005943,0.001981
164,56085.7,1.20299,0.71094,0.00113,0.69026,0.67332,0.71956,0.5357,1.09866,0.85327,0.00106,0.0057945,0.0019315,0.0057945,0.0019315,0.0057945,0.0019315,0.0057945,0.0019315
165,56408.7,1.2004,0.71631,0.00111,0.69395,0.67351,0.72001,0.53597,1.09823,0.85289,0.00106,0.005646,0.001882,0.005646,0.001882,0.005646,0.001882,0.005646,0.001882
166,56735.3,1.20776,0.71,0.00113,0.69206,0.67491,0.71934,0.53583,1.09809,0.85269,0.00106,0.0054975,0.0018325,0.0054975,0.0018325,0.0054975,0.0018325,0.0054975,0.0018325
167,57063,1.20256,0.72071,0.00111,0.6929,0.67717,0.72047,0.53657,1.09703,0.85291,0.00106,0.005349,0.001783,0.005349,0.001783,0.005349,0.001783,0.005349,0.001783
168,57393.3,1.2018,0.71702,0.0011,0.69236,0.6781,0.7209,0.53678,1.09694,0.85262,0.00106,0.0052005,0.0017335,0.0052005,0.0017335,0.0052005,0.0017335,0.0052005,0.0017335
169,57723.7,1.20484,0.70069,0.00109,0.68777,0.68469,0.72144,0.53751,1.09615,0.85202,0.00106,0.005052,0.001684,0.005052,0.001684,0.005052,0.001684,0.005052,0.001684
170,58050.1,1.18369,0.70058,0.0011,0.68234,0.6854,0.72161,0.53767,1.09567,0.85222,0.00106,0.0049035,0.0016345,0.0049035,0.0016345,0.0049035,0.0016345,0.0049035,0.0016345
171,58374.3,1.20441,0.69742,0.00108,0.68412,0.68555,0.72195,0.53822,1.09557,0.85203,0.00106,0.004755,0.001585,0.004755,0.001585,0.004755,0.001585,0.004755,0.001585
172,58713.9,1.19034,0.69021,0.00108,0.67749,0.694,0.72215,0.53806,1.09479,0.85174,0.00106,0.0046065,0.0015355,0.0046065,0.0015355,0.0046065,0.0015355,0.0046065,0.0015355
173,59084.9,1.18083,0.67824,0.00109,0.68338,0.68495,0.72189,0.53823,1.09466,0.85165,0.00106,0.004458,0.001486,0.004458,0.001486,0.004458,0.001486,0.004458,0.001486
174,59413.8,1.18829,0.68612,0.00109,0.67766,0.68869,0.72196,0.53829,1.09414,0.85147,0.00106,0.0043095,0.0014365,0.0043095,0.0014365,0.0043095,0.0014365,0.0043095,0.0014365
175,59738.1,1.18139,0.67545,0.00108,0.68253,0.68679,0.7222,0.53866,1.09482,0.85141,0.00106,0.004161,0.001387,0.004161,0.001387,0.004161,0.001387,0.004161,0.001387
176,60068.4,1.17444,0.67155,0.00107,0.68289,0.6879,0.72287,0.53927,1.09409,0.85138,0.00106,0.0040125,0.0013375,0.0040125,0.0013375,0.0040125,0.0013375,0.0040125,0.0013375
177,60393.3,1.16527,0.66267,0.00107,0.68247,0.68544,0.72334,0.53921,1.09521,0.85122,0.00106,0.003864,0.001288,0.003864,0.001288,0.003864,0.001288,0.003864,0.001288
178,60720.5,1.17182,0.6621,0.00107,0.68483,0.68804,0.72408,0.53998,1.09409,0.85116,0.00106,0.0037155,0.0012385,0.0037155,0.0012385,0.0037155,0.0012385,0.0037155,0.0012385
179,61051,1.17306,0.6729,0.00107,0.68202,0.68908,0.72427,0.54028,1.09505,0.85069,0.00106,0.003567,0.001189,0.003567,0.001189,0.003567,0.001189,0.003567,0.001189
180,61380.5,1.17883,0.66869,0.00107,0.68492,0.68836,0.72518,0.54138,1.09416,0.85102,0.00106,0.0034185,0.0011395,0.0034185,0.0011395,0.0034185,0.0011395,0.0034185,0.0011395
181,61705.6,1.16545,0.66382,0.00108,0.68552,0.68842,0.72546,0.54109,1.09378,0.85073,0.00106,0.00327,0.00109,0.00327,0.00109,0.00327,0.00109,0.00327,0.00109
182,62031.7,1.16684,0.6562,0.00106,0.68421,0.68822,0.72564,0.54146,1.09389,0.85089,0.00106,0.0031215,0.0010405,0.0031215,0.0010405,0.0031215,0.0010405,0.0031215,0.0010405
183,62361.6,1.17049,0.65136,0.00107,0.68344,0.69377,0.72529,0.54144,1.09336,0.85017,0.00106,0.002973,0.000991,0.002973,0.000991,0.002973,0.000991,0.002973,0.000991
184,62686.8,1.17626,0.65853,0.00106,0.68179,0.69775,0.72547,0.54129,1.09345,0.84873,0.00106,0.0028245,0.0009415,0.0028245,0.0009415,0.0028245,0.0009415,0.0028245,0.0009415
185,63012.6,1.1702,0.65288,0.00107,0.68276,0.6982,0.7261,0.54203,1.09332,0.85012,0.00106,0.002676,0.000892,0.002676,0.000892,0.002676,0.000892,0.002676,0.000892
186,63339.8,1.16109,0.6438,0.00106,0.6827,0.69792,0.72664,0.54256,1.09298,0.84884,0.00106,0.0025275,0.0008425,0.0025275,0.0008425,0.0025275,0.0008425,0.0025275,0.0008425
187,63667.1,1.1724,0.64732,0.00107,0.68268,0.69857,0.72713,0.54331,1.09234,0.84849,0.00106,0.002379,0.000793,0.002379,0.000793,0.002379,0.000793,0.002379,0.000793
188,63994.4,1.14729,0.63094,0.00105,0.68319,0.69718,0.72758,0.54416,1.09204,0.84786,0.00106,0.0022305,0.0007435,0.0022305,0.0007435,0.0022305,0.0007435,0.0022305,0.0007435
189,64321.9,1.16596,0.64352,0.00104,0.68245,0.69715,0.72787,0.54423,1.09222,0.84886,0.00106,0.002082,0.000694,0.002082,0.000694,0.002082,0.000694,0.002082,0.000694
190,64659,1.16082,0.63867,0.00104,0.68356,0.69884,0.72829,0.54453,1.09255,0.8487,0.00105,0.0019335,0.0006445,0.0019335,0.0006445,0.0019335,0.0006445,0.0019335,0.0006445
191,65009.2,1.05834,0.50699,0.00108,0.68301,0.69927,0.72858,0.54457,1.09305,0.84829,0.00105,0.001785,0.000595,0.001785,0.000595,0.001785,0.000595,0.001785,0.000595
192,65332.4,1.05714,0.4935,0.00108,0.68404,0.69539,0.72871,0.54464,1.09189,0.84806,0.00105,0.0016365,0.0005455,0.0016365,0.0005455,0.0016365,0.0005455,0.0016365,0.0005455
193,65649.2,1.05503,0.4928,0.00108,0.684,0.69837,0.729,0.54495,1.09193,0.84788,0.00105,0.001488,0.000496,0.001488,0.000496,0.001488,0.000496,0.001488,0.000496
194,65970.5,1.04923,0.48947,0.00107,0.68564,0.69788,0.72943,0.54526,1.09192,0.8472,0.00105,0.0013395,0.0004465,0.0013395,0.0004465,0.0013395,0.0004465,0.0013395,0.0004465
195,66290.9,1.04956,0.48098,0.00107,0.68745,0.70167,0.73006,0.54574,1.09226,0.84758,0.00105,0.001191,0.000397,0.001191,0.000397,0.001191,0.000397,0.001191,0.000397
196,66613.1,1.05204,0.48215,0.00107,0.68792,0.6995,0.73032,0.54611,1.09139,0.8464,0.00105,0.0010425,0.0003475,0.0010425,0.0003475,0.0010425,0.0003475,0.0010425,0.0003475
197,66934.8,1.03901,0.47221,0.00107,0.68665,0.70043,0.73066,0.5463,1.09158,0.84652,0.00105,0.000894,0.000298,0.000894,0.000298,0.000894,0.000298,0.000894,0.000298
198,67253.5,1.03592,0.47374,0.00105,0.6864,0.70056,0.73077,0.54627,1.09168,0.84709,0.00105,0.0007455,0.0002485,0.0007455,0.0002485,0.0007455,0.0002485,0.0007455,0.0002485
199,67571.2,1.04049,0.47532,0.00105,0.68541,0.70297,0.73109,0.54661,1.09169,0.84773,0.00105,0.000597,0.000199,0.000597,0.000199,0.000597,0.000199,0.000597,0.000199
200,67893.5,1.03849,0.47622,0.00105,0.6878,0.70344,0.73075,0.54614,1.09039,0.84791,0.00105,0.0004485,0.0001495,0.0004485,0.0001495,0.0004485,0.0001495,0.0004485,0.0001495
