Model,Scale,GT,MeanMatchedIoU,MedianMatchedIoU,Recall50,Recall75,MeanCenterErrorNorm_IoUge0.1,MeanSizeLogError_IoUge0.1
Baseline,All,5474,0.8261574932399921,0.8753611445426941,0.9557910120569967,0.8529411764705882,0.045317932860550726,0.06121740454107284
Baseline,Tiny(8-16),2277,0.8469477692638598,0.8766813278198242,0.9776021080368906,0.9117259552042161,0.039449112932460756,0.05881594481841443
Baseline,Small(16-32),1279,0.8891421684629754,0.9210220575332642,0.9749804534792806,0.9601250977326036,0.024658666498039668,0.038564661506504776
Baseline,Ultra-Tiny(<8),1606,0.7311616001550948,0.8007946312427521,0.9047322540473225,0.6606475716064757,0.07624821918487695,0.08951859074434816
Baseline,Non-small(>=32),312,0.9052169361175635,0.9360548853874207,0.9807692307692307,0.9743589743589743,0.021563186860147146,0.033116813317733945
MCLD,All,5474,0.8271040617163196,0.8742883801460266,0.9565217391304348,0.860248447204969,0.045343891178447976,0.05976338489871259
MCLD,Tiny(8-16),2277,0.8444542777311461,0.8750715255737305,0.976723759332455,0.9104084321475626,0.03911639438360754,0.05778484489194636
MCLD,Small(16-32),1279,0.8901938601070032,0.9216223955154419,0.9757623143080532,0.9593432369038312,0.024720421584038782,0.03837852191891653
MCLD,Ultra-Tiny(<8),1606,0.7403390485709846,0.8066385388374329,0.910958904109589,0.6905354919053549,0.07647784474260946,0.0856279153783685
MCLD,Non-small(>=32),312,0.8884704626905613,0.9362256824970245,0.9647435897435898,0.9615384615384616,0.02151130540918576,0.034022388665769544
Final,All,5474,0.8277575846390867,0.8747068047523499,0.9581658750456704,0.8582389477530142,0.04565692380129688,0.060054068443521604
Final,Tiny(8-16),2277,0.846732466358053,0.876521646976471,0.9780412823891085,0.9156785243741765,0.03903602994029411,0.05815490630000143
Final,Small(16-32),1279,0.8843352819113549,0.9197466373443604,0.9702892885066459,0.9499609069585614,0.024649477517561403,0.03849152232644525
Final,Ultra-Tiny(<8),1606,0.7410149911971203,0.805088996887207,0.9159402241594022,0.6805728518057285,0.07753906155900922,0.08593068164986617
Final,Non-small(>=32),312,0.9038470865060122,0.933564305305481,0.9807692307692307,0.9775641025641025,0.022048071364827747,0.033880704046604024
