criterion,threshold_px,count,ratio,percent
sqrt(area) < 8px,8,1606,0.29338691998538546,29.338691998538547
sqrt(area) < 12px,12,3003,0.5485933503836317,54.85933503836317
sqrt(area) < 16px,16,3883,0.7093533065400073,70.93533065400074
sqrt(area) < 20px,20,4460,0.814760686883449,81.47606868834491
sqrt(area) < 24px,24,4797,0.8763244428206065,87.63244428206065
sqrt(area) < 28px,28,5024,0.917793204238217,91.7793204238217
sqrt(area) < 32px,32,5162,0.9430032882718304,94.30032882718305
sqrt(area) < 40px,40,5340,0.9755206430398247,97.55206430398246
sqrt(area) < 48px,48,5402,0.9868469126781148,98.68469126781147
sqrt(area) < 64px,64,5464,0.9981731823164048,99.81731823164048
