class_id,class_name,gt,sqrt_area_P25,sqrt_area_P50,sqrt_area_P75,tiny_lt16_count,tiny_lt16_percent,small_16_32_count,small_16_32_percent,nonsmall_ge32_count,nonsmall_ge32_percent
0,i2,94,7.823742125495568,9.07482922680611,12.497545467911443,83,88.29787234042553,10,10.638297872340425,1,1.0638297872340425
1,i4,163,6.836690624168391,9.410904563876949,13.281133893306288,128,78.52760736196319,26,15.950920245398773,9,5.521472392638037
2,i5,347,6.532361797952159,9.743713834878362,14.897408711881553,273,78.6743515850144,69,19.88472622478386,5,1.440922190201729
3,il100,27,8.465742872939515,14.68435221631516,20.482910457021802,15,55.55555555555556,8,29.62962962962963,4,14.814814814814815
4,il60,99,10.396596579749627,13.327579191436081,18.2000180674947,64,64.64646464646465,30,30.303030303030305,5,5.05050505050505
5,il80,59,11.55805794527576,14.97648081279444,21.209143853501878,33,55.932203389830505,21,35.59322033898305,5,8.474576271186441
6,io,229,8.25024,11.4415567679228,17.124342907849048,160,69.86899563318778,60,26.200873362445414,9,3.930131004366812
7,ip,71,7.935017334559318,10.040073551284372,15.964353150231801,54,76.05633802816901,16,22.535211267605632,1,1.408450704225352
8,p10,75,10.234628510214439,14.224663439196021,23.727932852371456,43,57.333333333333336,23,30.666666666666668,9,12.0
9,p11,317,6.779549121055176,9.374104359905537,13.150992934679874,260,82.01892744479495,48,15.141955835962145,9,2.8391167192429023
10,p12,38,9.13598146722996,13.643400327290262,23.38826791655342,22,57.89473684210526,12,31.57894736842105,4,10.526315789473685
11,p19,26,9.090978271554546,15.912817611557593,22.151078451659053,13,50.0,10,38.46153846153846,3,11.538461538461538
12,p23,59,7.362759077983569,14.996741520423695,22.025676641110202,34,57.6271186440678,18,30.508474576271187,7,11.864406779661017
13,p26,168,8.121144601448128,11.538069437305161,16.87415559196601,119,70.83333333333333,40,23.80952380952381,9,5.357142857142857
14,p27,27,9.055573690891425,14.836435303185196,18.787311410370343,16,59.25925925925926,8,29.62962962962963,3,11.11111111111111
15,p3,35,8.62055367442127,13.53982765739653,19.96284114017654,22,62.857142857142854,11,31.428571428571427,2,5.714285714285714
16,p5,84,7.747699828223574,13.294394991911016,19.373920041622963,49,58.333333333333336,32,38.095238095238095,3,3.5714285714285716
17,p6,23,9.285417799156106,16.08784945130952,28.118342469831436,11,47.82608695652174,8,34.78260869565217,4,17.391304347826086
18,pg,31,9.427019817704526,15.261541329865734,21.23247567179279,18,58.064516129032256,10,32.25806451612903,3,9.67741935483871
19,ph4,25,9.51966385961185,12.437190197918499,16.645363713995557,17,68.0,4,16.0,4,16.0
20,ph4.5,37,11.441183893985798,16.550444671246755,23.429426344151068,17,45.945945945945944,18,48.648648648648646,2,5.405405405405405
21,ph5,24,7.497599651526338,10.172030467695787,13.098488390259089,19,79.16666666666667,4,16.666666666666668,1,4.166666666666667
22,pl100,135,11.440845927368246,14.141833911964884,20.720575114590346,78,57.77777777777778,50,37.03703703703704,7,5.185185185185185
23,pl120,59,10.416319990547088,15.411017699918458,21.403420913119067,31,52.54237288135593,22,37.28813559322034,6,10.169491525423728
24,pl20,33,7.116160000000001,8.949103957648497,14.361504099501555,25,75.75757575757575,3,9.090909090909092,5,15.151515151515152
25,pl30,128,7.80127744075084,12.229556100532303,19.873132487153974,86,67.1875,33,25.78125,9,7.03125
26,pl40,283,7.073063405522371,10.501799061418001,16.613247515443824,206,72.79151943462898,53,18.72791519434629,24,8.480565371024735
27,pl5,107,7.643382433538381,11.319363939727355,14.71351656527667,89,83.17757009345794,15,14.018691588785046,3,2.803738317757009
28,pl50,215,6.739231545326925,9.72668892217696,14.915874358164325,168,78.13953488372093,30,13.953488372093023,17,7.906976744186046
29,pl60,167,8.488177362330246,13.280361911213113,19.112295535856013,103,61.67664670658683,58,34.73053892215569,6,3.592814371257485
30,pl70,30,7.566844914705188,9.363130219017066,17.577385263002064,21,70.0,7,23.333333333333332,2,6.666666666666667
31,pl80,181,8.32831616383528,11.734864291878283,17.662478960598932,120,66.29834254143647,52,28.7292817679558,9,4.972375690607735
32,pm20,31,12.000289749499135,16.24394589303966,29.131522408553074,15,48.38709677419355,8,25.806451612903224,8,25.806451612903224
33,pm30,21,11.716913469886173,18.530562740899153,20.603652132648715,7,33.333333333333336,14,66.66666666666667,0,0.0
34,pm55,28,10.935304940633362,13.850224296215053,17.07266132798177,19,67.85714285714286,8,28.571428571428573,1,3.5714285714285716
35,pn,637,6.570239968829144,9.21227902660357,13.74976,518,81.31868131868131,89,13.971742543171114,30,4.7095761381475665
36,pne,477,6.045361202111914,8.59250109227808,13.393992782676866,388,81.34171907756813,79,16.561844863731658,10,2.0964360587002098
37,po,482,8.837376611918394,13.155949452838188,19.684877444373384,301,62.448132780082986,143,29.66804979253112,38,7.8838174273858925
38,pr40,40,17.694348329256478,23.42927777115267,29.292939534828477,4,10.0,31,77.5,5,12.5
39,w13,26,6.02348807079183,8.458824161517636,15.471798434925567,20,76.92307692307692,6,23.076923076923077,0,0.0
40,w32,25,8.804489257827509,9.702141294703969,13.239343212229224,21,84.0,4,16.0,0,0.0
41,w55,36,8.853609835792852,13.325110782495411,22.127113612015684,20,55.55555555555556,14,38.888888888888886,2,5.555555555555555
42,w57,84,8.122464433514947,11.363191786820469,19.92677506398741,57,67.85714285714286,19,22.61904761904762,8,9.523809523809524
43,w59,46,10.92976731572615,13.453933283660012,20.976052791876366,29,63.04347826086956,14,30.434782608695652,3,6.521739130434782
44,wo,145,8.305912060406131,13.49516849412411,20.78436618122381,87,60.0,41,28.275862068965516,17,11.724137931034482
