rank,image,score,output,gt_details
1,D:\vscode\workspace\recurrencePaper\YOLO-26-2\datasets\tt100k_aug_2160\test\images\36342.jpg,20.20829701423645,D:\vscode\workspace\recurrencePaper\YOLO-26-2\outputs\qualitative_compare\case_001.jpg,"[(0, 'Ultra-Tiny(<8)', 0.6001459956169128, 0.7722216248512268, 2.844151258468628), (1, 'Tiny(8-16)', 0.0, 0.8688623309135437, 8.237724661827087), (2, 'Ultra-Tiny(<8)', 0.0, 0.7373028993606567, 5.9746057987213135), (3, 'Ultra-Tiny(<8)', 0.724750816822052, 0.8006584644317627, 2.6518152952194214), (4, 'Tiny(8-16)', 0.7765666842460632, 0.729590892791748, 0.5)]"
2,D:\vscode\workspace\recurrencePaper\YOLO-26-2\datasets\tt100k_aug_2160\test\images\47948.jpg,18.179125666618347,D:\vscode\workspace\recurrencePaper\YOLO-26-2\outputs\qualitative_compare\case_002.jpg,"[(0, 'Tiny(8-16)', 0.7855163812637329, 0.7858627438545227, 0.5006927251815796), (1, 'Ultra-Tiny(<8)', 0.0, 0.785893976688385, 8.07178795337677), (2, 'Ultra-Tiny(<8)', 0.6149361729621887, 0.0, 0.5), (3, 'Ultra-Tiny(<8)', 0.0, 0.8033224940299988, 8.106644988059998), (4, 'Ultra-Tiny(<8)', 0.8557787537574768, 0.7858684062957764, 0.5), (5, 'Ultra-Tiny(<8)', 0.8242095112800598, 0.0, 0.5)]"
3,D:\vscode\workspace\recurrencePaper\YOLO-26-2\datasets\tt100k_aug_2160\test\images\38907.jpg,18.038578152656555,D:\vscode\workspace\recurrencePaper\YOLO-26-2\outputs\qualitative_compare\case_003.jpg,"[(0, 'Tiny(8-16)', 0.9103702902793884, 0.8216401934623718, 0.5), (1, 'Tiny(8-16)', 0.8938977122306824, 0.8974311351776123, 0.5070668458938599), (2, 'Tiny(8-16)', 0.0, 0.8963114023208618, 8.292622804641724), (3, 'Tiny(8-16)', 0.0, 0.8694442510604858, 8.238888502120972), (4, 'Tiny(8-16)', 0.9046794772148132, 0.8491953611373901, 0.5)]"
4,D:\vscode\workspace\recurrencePaper\YOLO-26-2\datasets\tt100k_aug_2160\test\images\44171.jpg,17.354219257831573,D:\vscode\workspace\recurrencePaper\YOLO-26-2\outputs\qualitative_compare\case_004.jpg,"[(0, 'Ultra-Tiny(<8)', 0.2828843295574188, 0.6758109927177429, 5.285853326320648), (1, 'Ultra-Tiny(<8)', 0.37987858057022095, 0.34019213914871216, 0.5), (2, 'Ultra-Tiny(<8)', 0.7451491355895996, 0.7789543867111206, 2.567610502243042), (3, 'Ultra-Tiny(<8)', 0.785301685333252, 0.8021512031555176, 0.5336990356445312), (4, 'Ultra-Tiny(<8)', 0.6201770305633545, 0.8533506989479065, 2.966347336769104), (5, 'Ultra-Tiny(<8)', 0.6282159090042114, 0.807049036026001, 2.857666254043579), (6, 'Ultra-Tiny(<8)', 0.7733887434005737, 0.9175108671188354, 0.7882442474365234), (7, 'Ultra-Tiny(<8)', 0.6115703582763672, 0.7016335725784302, 0.680126428604126), (8, 'Ultra-Tiny(<8)', 0.5590421557426453, 0.646378219127655, 0.6746721267700195), (9, 'Ultra-Tiny(<8)', 0.7601032257080078, 0.5667494535446167, 0.5)]"
5,D:\vscode\workspace\recurrencePaper\YOLO-26-2\datasets\tt100k_aug_2160\test\images\56922.jpg,14.622781038284302,D:\vscode\workspace\recurrencePaper\YOLO-26-2\outputs\qualitative_compare\case_005.jpg,"[(0, 'Tiny(8-16)', 0.7760725021362305, 0.8086827993392944, 0.5652205944061279), (1, 'Tiny(8-16)', 0.6464333534240723, 0.6640653014183044, 0.5352638959884644), (2, 'Ultra-Tiny(<8)', 0.03654414415359497, 0.5473693609237671, 5.521650433540344), (3, 'Ultra-Tiny(<8)', 0.6928580403327942, 0.0, 0.5), (4, 'Ultra-Tiny(<8)', 0.0, 0.47833460569381714, 1.4566692113876343), (5, 'Ultra-Tiny(<8)', 0.9062976837158203, 0.9151265621185303, 0.5176577568054199), (6, 'Tiny(8-16)', 0.496364951133728, 0.5095245242118835, 4.526319146156311), (7, 'Tiny(8-16)', 0.8738977909088135, 0.8572360873222351, 0.5), (8, 'Tiny(8-16)', 0.6216081976890564, 0.5889091491699219, 0.5)]"
6,D:\vscode\workspace\recurrencePaper\YOLO-26-2\datasets\tt100k_aug_2160\test\images\15332.jpg,14.43563050031662,D:\vscode\workspace\recurrencePaper\YOLO-26-2\outputs\qualitative_compare\case_006.jpg,"[(0, 'Ultra-Tiny(<8)', 0.8332775831222534, 0.7886602282524109, 0.5), (1, 'Non-small(>=32)', 0.8116954565048218, 0.8012592196464539, 0.0), (2, 'Ultra-Tiny(<8)', 0.8865318894386292, 0.873948335647583, 0.5), (3, 'Ultra-Tiny(<8)', 0.0, 0.6079822778701782, 5.7159645557403564), (4, 'Non-small(>=32)', 0.9572471976280212, 0.9873365759849548, 0.06017875671386719), (5, 'Ultra-Tiny(<8)', 0.8257582783699036, 0.8288971781730652, 0.5062777996063232), (6, 'Ultra-Tiny(<8)', 0.49633166193962097, 0.8229363560676575, 7.153209388256073)]"
7,D:\vscode\workspace\recurrencePaper\YOLO-26-2\datasets\tt100k_aug_2160\test\images\42814.jpg,14.056394517421722,D:\vscode\workspace\recurrencePaper\YOLO-26-2\outputs\qualitative_compare\case_007.jpg,"[(0, 'Ultra-Tiny(<8)', 0.6085143685340881, 0.6231787800788879, 0.5293288230895996), (1, 'Ultra-Tiny(<8)', 0.30232465267181396, 0.5318765640258789, 4.95910382270813), (2, 'Ultra-Tiny(<8)', 0.0, 0.0, 0.5), (3, 'Ultra-Tiny(<8)', 0.7439517974853516, 0.866434633731842, 2.744965672492981), (4, 'Ultra-Tiny(<8)', 0.42226818203926086, 0.5837662816047668, 4.822996199131012), (5, 'Ultra-Tiny(<8)', 0.6657198667526245, 0.6168296933174133, 0.5)]"
8,D:\vscode\workspace\recurrencePaper\YOLO-26-2\datasets\tt100k_aug_2160\test\images\24313.jpg,13.714540362358093,D:\vscode\workspace\recurrencePaper\YOLO-26-2\outputs\qualitative_compare\case_008.jpg,"[(0, 'Ultra-Tiny(<8)', 0.0, 0.5288569927215576, 5.557713985443115), (1, 'Ultra-Tiny(<8)', 0.0, 0.828413188457489, 8.156826376914978)]"
9,D:\vscode\workspace\recurrencePaper\YOLO-26-2\datasets\tt100k_aug_2160\test\images\95573.jpg,12.768171004951,D:\vscode\workspace\recurrencePaper\YOLO-26-2\outputs\qualitative_compare\case_009.jpg,"[(0, 'Ultra-Tiny(<8)', 0.8430107235908508, 0.8518088459968567, 0.5175962448120117), (1, 'Ultra-Tiny(<8)', 0.027858469635248184, 0.619705319404602, 5.683693699538708), (2, 'Ultra-Tiny(<8)', 0.610673189163208, 0.7573755979537964, 2.7934048175811768), (3, 'Ultra-Tiny(<8)', 0.6636932492256165, 0.7731990218162537, 2.7190115451812744), (4, 'Ultra-Tiny(<8)', 0.9091029763221741, 0.8935791850090027, 0.5), (5, 'Ultra-Tiny(<8)', 0.8927106857299805, 0.9199430346488953, 0.5544646978378296)]"
10,D:\vscode\workspace\recurrencePaper\YOLO-26-2\datasets\tt100k_aug_2160\test\images\14663.jpg,12.565979480743408,D:\vscode\workspace\recurrencePaper\YOLO-26-2\outputs\qualitative_compare\case_010.jpg,"[(0, 'Tiny(8-16)', 0.8071292638778687, 0.7105543613433838, 0.5), (1, 'Tiny(8-16)', 0.8718354105949402, 0.902373194694519, 0.5610755681991577), (2, 'Ultra-Tiny(<8)', 0.8091320395469666, 0.7808244824409485, 0.5), (3, 'Ultra-Tiny(<8)', 0.8291305899620056, 0.8544920682907104, 0.5507229566574097), (4, 'Ultra-Tiny(<8)', 0.0, 0.9582418203353882, 8.416483640670776), (5, 'Ultra-Tiny(<8)', 0.7083024978637695, 0.7182475328445435, 0.5198900699615479), (6, 'Ultra-Tiny(<8)', 0.884246826171875, 0.8319427967071533, 0.5), (7, 'Tiny(8-16)', 0.9166105389595032, 0.9255141615867615, 0.5178072452545166), (8, 'Ultra-Tiny(<8)', 0.9185735583305359, 0.756132960319519, 0.5)]"
11,D:\vscode\workspace\recurrencePaper\YOLO-26-2\datasets\tt100k_aug_2160\test\images\76771.jpg,12.358181834220886,D:\vscode\workspace\recurrencePaper\YOLO-26-2\outputs\qualitative_compare\case_011.jpg,"[(0, 'Tiny(8-16)', 0.9146506786346436, 0.9124491214752197, 0.5), (1, 'Small(16-32)', 0.8992605209350586, 0.9620328545570374, 0.12554466724395752), (2, 'Ultra-Tiny(<8)', 0.0, 0.717465877532959, 5.934931755065918), (3, 'Ultra-Tiny(<8)', 0.0, 0.6488527059555054, 5.797705411911011), (4, 'Small(16-32)', 0.9018629193305969, 0.8865953087806702, 0.0)]"
12,D:\vscode\workspace\recurrencePaper\YOLO-26-2\datasets\tt100k_aug_2160\test\images\1729.jpg,12.127108752727509,D:\vscode\workspace\recurrencePaper\YOLO-26-2\outputs\qualitative_compare\case_012.jpg,"[(0, 'Tiny(8-16)', 0.8947641253471375, 0.9246417284011841, 0.5597552061080933), (1, 'Ultra-Tiny(<8)', 0.8377687335014343, 0.8622024059295654, 0.5488673448562622), (2, 'Tiny(8-16)', 0.8665891885757446, 0.8623669147491455, 0.5), (3, 'Ultra-Tiny(<8)', 0.8198462128639221, 0.8434925079345703, 0.5472925901412964), (4, 'Ultra-Tiny(<8)', 0.640832245349884, 0.7395706176757812, 0.6974767446517944), (5, 'Ultra-Tiny(<8)', 0.7884563207626343, 0.8139621019363403, 0.5510115623474121), (6, 'Ultra-Tiny(<8)', 0.746853768825531, 0.686508059501648, 0.5), (7, 'Ultra-Tiny(<8)', 0.8242027163505554, 0.8298875093460083, 0.5113695859909058), (8, 'Ultra-Tiny(<8)', 0.7483765482902527, 0.7581149935722351, 2.519476890563965), (9, 'Tiny(8-16)', 0.9426546096801758, 0.9510627388954163, 0.516816258430481), (10, 'Ultra-Tiny(<8)', 0.43206867575645447, 0.5195899605751038, 4.675042569637299)]"
13,D:\vscode\workspace\recurrencePaper\YOLO-26-2\datasets\tt100k_aug_2160\test\images\36320.jpg,11.916752636432648,D:\vscode\workspace\recurrencePaper\YOLO-26-2\outputs\qualitative_compare\case_013.jpg,"[(0, 'Ultra-Tiny(<8)', 0.7595140933990479, 0.9282657504081726, 0.8375033140182495), (1, 'Tiny(8-16)', 0.8027573227882385, 0.7339411973953247, 0.5), (2, 'Ultra-Tiny(<8)', 0.4993297755718231, 0.5769960284233093, 4.655332505702972), (3, 'Ultra-Tiny(<8)', 0.6602564454078674, 0.7547298669815063, 2.688946843147278), (4, 'Ultra-Tiny(<8)', 0.7123262286186218, 0.6989169716835022, 0.5), (5, 'Ultra-Tiny(<8)', 0.6826997995376587, 0.8001847863197327, 2.734969973564148)]"
14,D:\vscode\workspace\recurrencePaper\YOLO-26-2\datasets\tt100k_aug_2160\test\images\82871.jpg,11.830599665641785,D:\vscode\workspace\recurrencePaper\YOLO-26-2\outputs\qualitative_compare\case_014.jpg,"[(0, 'Ultra-Tiny(<8)', 0.0, 0.7315587401390076, 5.963117480278015), (1, 'Ultra-Tiny(<8)', 0.0, 0.6837410926818848, 5.8674821853637695)]"
15,D:\vscode\workspace\recurrencePaper\YOLO-26-2\datasets\tt100k_aug_2160\test\images\40572.jpg,11.819584369659424,D:\vscode\workspace\recurrencePaper\YOLO-26-2\outputs\qualitative_compare\case_015.jpg,"[(0, 'Tiny(8-16)', 0.7195034027099609, 0.7880922555923462, 2.6371777057647705), (1, 'Tiny(8-16)', 0.0, 0.8412033319473267, 8.182406663894653), (2, 'Ultra-Tiny(<8)', 0.0, 0.0, 0.5), (3, 'Ultra-Tiny(<8)', 0.0, 0.0, 0.5)]"
16,D:\vscode\workspace\recurrencePaper\YOLO-26-2\datasets\tt100k_aug_2160\test\images\37304.jpg,11.715941905975342,D:\vscode\workspace\recurrencePaper\YOLO-26-2\outputs\qualitative_compare\case_016.jpg,"[(0, 'Ultra-Tiny(<8)', 0.6860049962997437, 0.9113529324531555, 2.9506958723068237), (1, 'Ultra-Tiny(<8)', 0.5543304085731506, 0.0, 0.5), (2, 'Small(16-32)', 0.0, 0.882623016834259, 7.765246033668518), (3, 'Ultra-Tiny(<8)', 0.0, 0.0, 0.5)]"
17,D:\vscode\workspace\recurrencePaper\YOLO-26-2\datasets\tt100k_aug_2160\test\images\60364.jpg,11.624141693115234,D:\vscode\workspace\recurrencePaper\YOLO-26-2\outputs\qualitative_compare\case_017.jpg,"[(0, 'Tiny(8-16)', 0.8398215770721436, 0.8309073448181152, 0.5), (1, 'Tiny(8-16)', 0.9478820562362671, 0.8655741810798645, 0.5), (2, 'Ultra-Tiny(<8)', 0.8845860958099365, 0.875228226184845, 0.5), (3, 'Tiny(8-16)', 0.9203006625175476, 0.8876128792762756, 0.5), (4, 'Ultra-Tiny(<8)', 0.0, 0.6431309580802917, 5.7862619161605835), (5, 'Tiny(8-16)', 0.7566596865653992, 0.7676522731781006, 0.5219851732254028), (6, 'Tiny(8-16)', 0.7980483174324036, 0.8179413080215454, 0.5397859811782837), (7, 'Ultra-Tiny(<8)', 0.7978021502494812, 0.7335655093193054, 0.5), (8, 'Tiny(8-16)', 0.906083345413208, 0.9154990315437317, 0.5188313722610474), (9, 'Ultra-Tiny(<8)', 0.7548258304595947, 0.8027317523956299, 0.5958118438720703), (10, 'Ultra-Tiny(<8)', 0.583082914352417, 0.6638156175613403, 0.6614654064178467), (11, 'Tiny(8-16)', 0.91652512550354, 0.9130089282989502, 0.5)]"
18,D:\vscode\workspace\recurrencePaper\YOLO-26-2\datasets\tt100k_aug_2160\test\images\26166.jpg,10.06022709608078,D:\vscode\workspace\recurrencePaper\YOLO-26-2\outputs\qualitative_compare\case_018.jpg,"[(0, 'Ultra-Tiny(<8)', 0.0, 0.41123026609420776, 1.3224605321884155), (1, 'Ultra-Tiny(<8)', 0.8304994702339172, 0.8609279990196228, 0.5608570575714111), (2, 'Tiny(8-16)', 0.8044464588165283, 0.9220369458198547, 0.7351809740066528), (3, 'Ultra-Tiny(<8)', 0.5549693703651428, 0.6916940212249756, 0.7734493017196655), (4, 'Ultra-Tiny(<8)', 0.0, 0.31778207421302795, 1.135564148426056), (5, 'Ultra-Tiny(<8)', 0.0, 0.5163575410842896, 5.532715082168579)]"
19,D:\vscode\workspace\recurrencePaper\YOLO-26-2\datasets\tt100k_aug_2160\test\images\28229.jpg,9.965998530387878,D:\vscode\workspace\recurrencePaper\YOLO-26-2\outputs\qualitative_compare\case_019.jpg,"[(0, 'Tiny(8-16)', 0.9090548157691956, 0.9518570303916931, 0.5856044292449951), (1, 'Tiny(8-16)', 0.8014936447143555, 0.8506115674972534, 0.5982358455657959), (2, 'Tiny(8-16)', 0.0, 0.8750495910644531, 8.250099182128906), (3, 'Tiny(8-16)', 0.7898431420326233, 0.8058726787567139, 0.5320590734481812)]"
20,D:\vscode\workspace\recurrencePaper\YOLO-26-2\datasets\tt100k_aug_2160\test\images\2300.jpg,9.934549748897552,D:\vscode\workspace\recurrencePaper\YOLO-26-2\outputs\qualitative_compare\case_020.jpg,"[(0, 'Tiny(8-16)', 0.9582759737968445, 0.9514500498771667, 0.5), (1, 'Tiny(8-16)', 0.8335019946098328, 0.8559818267822266, 0.5449596643447876), (2, 'Ultra-Tiny(<8)', 0.8538692593574524, 0.7641422152519226, 0.5), (3, 'Tiny(8-16)', 0.7251487970352173, 0.7075536251068115, 0.5), (4, 'Ultra-Tiny(<8)', 0.415678471326828, 0.8604735136032104, 7.389590084552765), (5, 'Tiny(8-16)', 0.7647028565406799, 0.7534509897232056, 0.5)]"
21,D:\vscode\workspace\recurrencePaper\YOLO-26-2\datasets\tt100k_aug_2160\test\images\91731.jpg,9.80775073170662,D:\vscode\workspace\recurrencePaper\YOLO-26-2\outputs\qualitative_compare\case_021.jpg,"[(0, 'Ultra-Tiny(<8)', 0.8758253455162048, 0.8855495452880859, 0.5194483995437622), (1, 'Ultra-Tiny(<8)', 0.8780010938644409, 0.8649969696998596, 0.5), (2, 'Ultra-Tiny(<8)', 0.6938804388046265, 0.8377372622489929, 2.787713646888733), (3, 'Ultra-Tiny(<8)', 0.17411278188228607, 0.6581603288650513, 5.46809509396553), (4, 'Ultra-Tiny(<8)', 0.7671633958816528, 0.7834101915359497, 0.5324935913085938)]"
22,D:\vscode\workspace\recurrencePaper\YOLO-26-2\datasets\tt100k_aug_2160\test\images\14554.jpg,9.531897068023682,D:\vscode\workspace\recurrencePaper\YOLO-26-2\outputs\qualitative_compare\case_022.jpg,"[(0, 'Ultra-Tiny(<8)', 0.0, 0.7659485340118408, 8.031897068023682), (1, 'Ultra-Tiny(<8)', 0.0, 0.0, 0.5), (2, 'Ultra-Tiny(<8)', 0.8088755011558533, 0.6828545331954956, 0.5), (3, 'Ultra-Tiny(<8)', 0.911226749420166, 0.6188370585441589, 0.5)]"
23,D:\vscode\workspace\recurrencePaper\YOLO-26-2\datasets\tt100k_aug_2160\test\images\38527.jpg,9.38717806339264,D:\vscode\workspace\recurrencePaper\YOLO-26-2\outputs\qualitative_compare\case_023.jpg,"[(0, 'Tiny(8-16)', 0.0, 0.3912145793437958, 1.2824291586875916), (1, 'Tiny(8-16)', 0.918899655342102, 0.9251475930213928, 0.5124958753585815), (2, 'Tiny(8-16)', 0.8563451170921326, 0.8084338307380676, 0.5), (3, 'Ultra-Tiny(<8)', 0.48224660754203796, 0.778373122215271, 7.092253029346466)]"
24,D:\vscode\workspace\recurrencePaper\YOLO-26-2\datasets\tt100k_aug_2160\test\images\16546.jpg,9.188896179199219,D:\vscode\workspace\recurrencePaper\YOLO-26-2\outputs\qualitative_compare\case_024.jpg,"[(0, 'Ultra-Tiny(<8)', 0.7277820110321045, 0.8272494673728943, 2.6989349126815796), (1, 'Ultra-Tiny(<8)', 0.0, 0.0, 0.5), (2, 'Ultra-Tiny(<8)', 0.0, 0.0, 0.5), (3, 'Ultra-Tiny(<8)', 0.6372265219688416, 0.5334601402282715, 0.5), (4, 'Ultra-Tiny(<8)', 0.46317940950393677, 0.7081600427627563, 4.989961266517639)]"
25,D:\vscode\workspace\recurrencePaper\YOLO-26-2\datasets\tt100k_aug_2160\test\images\84581.jpg,9.16535484790802,D:\vscode\workspace\recurrencePaper\YOLO-26-2\outputs\qualitative_compare\case_025.jpg,"[(0, 'Ultra-Tiny(<8)', 0.6227083802223206, 0.6111843585968018, 0.5), (1, 'Ultra-Tiny(<8)', 0.8404209613800049, 0.7359596490859985, 0.5), (2, 'Ultra-Tiny(<8)', 0.46619319915771484, 0.7909603714942932, 7.149534344673157), (3, 'Ultra-Tiny(<8)', 0.7657672762870789, 0.7644167542457581, 0.5), (4, 'Ultra-Tiny(<8)', 0.8337521553039551, 0.8416624069213867, 0.5158205032348633)]"
26,D:\vscode\workspace\recurrencePaper\YOLO-26-2\datasets\tt100k_aug_2160\test\images\27371.jpg,9.072471022605896,D:\vscode\workspace\recurrencePaper\YOLO-26-2\outputs\qualitative_compare\case_026.jpg,"[(0, 'Ultra-Tiny(<8)', 0.8615753650665283, 0.8240906596183777, 0.5), (1, 'Ultra-Tiny(<8)', 0.9013535976409912, 0.9020624160766602, 0.5014176368713379), (2, 'Ultra-Tiny(<8)', 0.8686542510986328, 0.8971616625785828, 0.5570148229598999), (3, 'Ultra-Tiny(<8)', 0.6926210522651672, 0.8904141783714294, 2.8955862522125244), (4, 'Ultra-Tiny(<8)', 0.7832010388374329, 0.8344965577125549, 0.6025910377502441), (5, 'Ultra-Tiny(<8)', 0.8494479656219482, 0.8032650947570801, 0.5), (6, 'Ultra-Tiny(<8)', 0.9122030138969421, 0.8627499341964722, 0.5), (7, 'Ultra-Tiny(<8)', 0.7459965944290161, 0.7539272308349609, 2.5158612728118896), (8, 'Ultra-Tiny(<8)', 0.8472368121147156, 0.7996256947517395, 0.5)]"
27,D:\vscode\workspace\recurrencePaper\YOLO-26-2\datasets\tt100k_aug_2160\test\images\22433.jpg,9.065858006477356,D:\vscode\workspace\recurrencePaper\YOLO-26-2\outputs\qualitative_compare\case_027.jpg,"[(0, 'Tiny(8-16)', 0.8105105757713318, 0.7907190918922424, 0.5), (1, 'Tiny(8-16)', 0.8651449084281921, 0.8377305865287781, 0.5), (2, 'Tiny(8-16)', 0.0, 0.782929003238678, 8.065858006477356)]"
28,D:\vscode\workspace\recurrencePaper\YOLO-26-2\datasets\tt100k_aug_2160\test\images\40506.jpg,8.937407493591309,D:\vscode\workspace\recurrencePaper\YOLO-26-2\outputs\qualitative_compare\case_028.jpg,"[(0, 'Ultra-Tiny(<8)', 0.6611630320549011, 0.855589747428894, 2.888853430747986), (1, 'Ultra-Tiny(<8)', 0.765894889831543, 0.7921506762504578, 0.5525115728378296), (2, 'Ultra-Tiny(<8)', 0.8013860583305359, 0.7981383800506592, 0.5), (3, 'Ultra-Tiny(<8)', 0.7869756817817688, 0.8203224539756775, 0.5666935443878174), (4, 'Ultra-Tiny(<8)', 0.0, 0.0, 0.5), (5, 'Ultra-Tiny(<8)', 0.6920022964477539, 0.8177162408828735, 2.7514278888702393), (6, 'Ultra-Tiny(<8)', 0.7450035214424133, 0.7025039792060852, 0.5), (7, 'Ultra-Tiny(<8)', 0.7879496216773987, 0.8769101500511169, 0.6779210567474365)]"
29,D:\vscode\workspace\recurrencePaper\YOLO-26-2\datasets\tt100k_aug_2160\test\images\82220.jpg,8.867296576499939,D:\vscode\workspace\recurrencePaper\YOLO-26-2\outputs\qualitative_compare\case_029.jpg,"[(0, 'Ultra-Tiny(<8)', 0.7311741709709167, 0.6971278190612793, 0.5), (1, 'Ultra-Tiny(<8)', 0.8916661739349365, 0.8428562879562378, 0.5), (2, 'Ultra-Tiny(<8)', 0.5511634349822998, 0.5735057592391968, 0.544684648513794), (3, 'Tiny(8-16)', 0.7203167676925659, 0.8244394659996033, 2.7082453966140747), (4, 'Ultra-Tiny(<8)', 0.8895905613899231, 0.877189040184021, 0.5), (5, 'Ultra-Tiny(<8)', 0.8346095681190491, 0.8174859285354614, 0.5), (6, 'Ultra-Tiny(<8)', 0.7182432413101196, 0.7754265069961548, 2.6143665313720703), (7, 'Tiny(8-16)', 0.9158843755722046, 0.9013446569442749, 0.5), (8, 'Tiny(8-16)', 0.891144335269928, 0.8478431105613708, 0.5)]"
30,D:\vscode\workspace\recurrencePaper\YOLO-26-2\datasets\tt100k_aug_2160\test\images\8012.jpg,8.726920485496521,D:\vscode\workspace\recurrencePaper\YOLO-26-2\outputs\qualitative_compare\case_030.jpg,"[(0, 'Ultra-Tiny(<8)', 0.9107927680015564, 0.8991270065307617, 0.5), (1, 'Ultra-Tiny(<8)', 0.7237860560417175, 0.7927718162536621, 2.637971520423889), (2, 'Tiny(8-16)', 0.7484607696533203, 0.582560658454895, 0.5), (3, 'Ultra-Tiny(<8)', 0.8318517804145813, 0.8236376643180847, 0.5), (4, 'Ultra-Tiny(<8)', 0.708457350730896, 0.7529318332672119, 2.588948965072632), (5, 'Ultra-Tiny(<8)', 0.7658556699752808, 0.7228412628173828, 0.5), (6, 'Ultra-Tiny(<8)', 0.9270755648612976, 0.8954567313194275, 0.5), (7, 'Ultra-Tiny(<8)', 0.6479195356369019, 0.2625342607498169, 0.5), (8, 'Ultra-Tiny(<8)', 0.7341681122779846, 0.6650539636611938, 0.5)]"
